Keyword,Search Volume,Competition,Category,Priority,Target Page
Bollywood celebrity endorsements,2400,High,Celebrity,High,/music-brand-partnerships
celebrity brand endorsement India,1600,High,Celebrity,High,/music-brand-partnerships
IPL brand partnerships,1900,High,Celebrity,High,/music-brand-partnerships
Indian influencer marketing,3600,High,Influencer,High,/digital-media
celebrity endorsement cost India,720,Medium,Celebrity,Medium,/brand-consulting
brand ambassador India,1300,High,Celebrity,High,/music-brand-partnerships
Bollywood actor endorsements,880,High,Celebrity,High,/music-brand-partnerships
cricket celebrity partnerships,590,Medium,Celebrity,Medium,/music-brand-partnerships
regional celebrity endorsements,320,Low,Celebrity,Medium,/music-brand-partnerships
Tamil celebrity endorsements,260,Low,Celebrity,Low,/music-brand-partnerships
Telugu celebrity endorsements,210,Low,Celebrity,Low,/music-brand-partnerships
brand consulting India,1000,High,Service,High,/brand-consulting
brand consultancy Mumbai,390,Medium,Service,Medium,/brand-consulting
brand management services India,480,Medium,Service,Medium,/brandmanagement
talent management Mumbai,590,High,Service,High,/speakers
entertainment marketing India,410,Medium,Service,Medium,/brand-consulting
social media influencer agency,1900,High,Influencer,High,/digital-media
influencer marketing agency Mumbai,320,Medium,Influencer,Medium,/digital-media
influencer marketing agency Bangalore,280,Medium,Influencer,Medium,/digital-media
market research firm India,720,Medium,Research,High,/market-research
market research company Mumbai,210,Low,Research,Medium,/market-research
social research India,390,Low,Research,Medium,/social-research
data analytics agency India,880,High,Research,High,/data-analysis
data analytics company Mumbai,260,Medium,Research,Medium,/data-analysis
Mumbai talent agency,480,High,Location,High,/speakers
Delhi brand consulting,320,Medium,Location,Medium,/brand-consulting
Bangalore digital marketing,1600,High,Location,High,/digital-media
Chennai entertainment agency,210,Low,Location,Low,/brand-consulting
Pune influencer agency,170,Low,Location,Low,/digital-media
Hyderabad celebrity management,190,Low,Location,Low,/speakers
FMCG brand partnerships India,390,Medium,Industry,Medium,/music-brand-partnerships
tech brand influencers India,280,Medium,Industry,Medium,/digital-media
fashion brand collaborations India,520,Medium,Industry,Medium,/music-brand-partnerships
food brand ambassadors India,260,Low,Industry,Low,/music-brand-partnerships
fintech influencer marketing India,210,Medium,Industry,Medium,/digital-media
celebrity endorsement ROI India,140,Low,Analytics,Low,/market-research
brand partnership measurement India,90,Low,Analytics,Low,/data-analysis
influencer campaign analytics India,170,Low,Analytics,Low,/data-analysis
social media analytics India,880,High,Analytics,Medium,/data-analysis
brand health tracking India,110,Low,Analytics,Low,/market-research
Bollywood talent representation,260,Medium,Talent,Medium,/speakers
film industry talent India,210,Low,Talent,Low,/motion-pictures
TV celebrity management India,170,Low,Talent,Low,/television
voiceover artists India,720,Medium,Talent,Medium,/voiceovers
professional speakers India,480,Medium,Talent,High,/speakers
keynote speakers Mumbai,190,Low,Talent,Medium,/speakers
motivational speakers India,1300,High,Talent,High,/speakers
corporate speakers India,390,Medium,Talent,Medium,/speakers
digital content creators India,880,High,Digital,High,/digital-media
YouTube influencers India,1600,High,Digital,High,/digital-media
Instagram influencers Mumbai,720,High,Digital,High,/digital-media
brand storytelling India,320,Medium,Creative,Medium,/brand-consulting
content marketing agency India,1000,High,Creative,High,/digital-media
video production India,1900,High,Production,High,/motion-pictures
corporate video production Mumbai,390,Medium,Production,Medium,/motion-pictures
brand film production India,260,Low,Production,Medium,/motion-pictures
social media management India,2400,High,Social,High,/digital-media
social media marketing Mumbai,880,High,Social,High,/digital-media
Facebook marketing agency India,720,High,Social,Medium,/digital-media
Instagram marketing agency India,1000,High,Social,High,/digital-media
LinkedIn marketing India,590,Medium,Social,Medium,/digital-media
brand activation India,480,Medium,Events,Medium,/brand-consulting
experiential marketing India,390,Medium,Events,Medium,/brand-consulting
event marketing agency Mumbai,320,Medium,Events,Medium,/brand-consulting
product launch India,880,High,Events,Medium,/brand-consulting
brand launch strategy India,260,Low,Strategy,Medium,/brand-consulting
digital marketing strategy India,1600,High,Strategy,High,/digital-media
social media strategy India,1000,High,Strategy,High,/digital-media
influencer strategy India,480,Medium,Strategy,Medium,/digital-media
brand positioning India,390,Medium,Strategy,Medium,/brand-consulting
market entry strategy India,320,Medium,Strategy,Medium,/market-research
consumer insights India,480,Medium,Insights,Medium,/market-research
brand perception study India,140,Low,Insights,Low,/market-research
customer behavior analysis India,260,Low,Insights,Low,/data-analysis
trend analysis India,390,Medium,Insights,Medium,/social-research
media planning India,720,Medium,Media,Medium,/brand-consulting
media buying India,880,Medium,Media,Medium,/brand-consulting
advertising agency Mumbai,1300,High,Media,High,/brand-consulting
creative agency India,1000,High,Media,High,/brand-consulting
public relations India,880,High,PR,Medium,/brand-consulting
PR agency Mumbai,590,High,PR,Medium,/brand-consulting
crisis management India,480,Medium,PR,Medium,/brand-consulting
reputation management India,390,Medium,PR,Medium,/brand-consulting
brand monitoring India,260,Low,Monitoring,Low,/data-analysis
social listening India,320,Medium,Monitoring,Medium,/data-analysis
sentiment analysis India,390,Medium,Monitoring,Medium,/data-analysis
brand tracking India,210,Low,Monitoring,Low,/market-research
music artist management India,480,Medium,Music,Medium,/music-brand-partnerships
music licensing India,590,Medium,Music,Medium,/music-brand-partnerships
sync licensing India,170,Low,Music,Low,/music-brand-partnerships
brand music partnerships,260,Low,Music,Medium,/music-brand-partnerships
publishing services India,320,Medium,Publishing,Medium,/publishing
content publishing India,390,Medium,Publishing,Medium,/publishing
digital publishing India,480,Medium,Publishing,Medium,/publishing
brand storytelling services,260,Low,Creative,Medium,/brand-consulting
creative consulting India,210,Low,Creative,Low,/brand-consulting
design thinking India,390,Medium,Creative,Medium,/brand-consulting
innovation consulting India,480,Medium,Strategy,Medium,/brand-consulting
digital transformation India,1600,High,Strategy,High,/brand-consulting
business consulting India,2400,High,Consulting,Medium,/brand-consulting
management consulting Mumbai,880,High,Consulting,Medium,/brand-consulting
strategic consulting India,590,Medium,Consulting,Medium,/brand-consulting
marketing consulting India,720,High,Consulting,High,/brand-consulting
celebrity booking India,590,Medium,Booking,High,/speakers
talent booking agency India,320,Medium,Booking,Medium,/speakers
speaker booking India,390,Medium,Booking,High,/speakers
artist booking India,480,Medium,Booking,Medium,/speakers
event celebrity booking,260,Low,Booking,Medium,/speakers
